,Ravenclaw,Slytherin,Gryffindor,Hufflepuff
Arithmancy,0.4259617342769466,-0.2513560768406451,-1.0689392821365413,0.4168221562832807
Astronomy,-0.8097203670345134,-0.958968878485701,-0.20833519352573418,1.3687339496282502
Herbology,0.8627092279880415,0.3197249134895149,-2.5277415693051726,1.9641892588968115
Defense Against the Dark Arts,0.698205464631141,1.5139313323261447,1.1491761247718861,-2.0140038696927323
Divination,0.012124382973979182,-1.4047854584503434,2.770442375446723,0.20831043140891523
Muggle Studies,0.9090477820116678,-0.1102365795736211,-0.11775549764254688,-1.5566448240904884
Ancient Runes,0.6732622313828288,0.1033318517455861,2.2730020823290493,-2.103860220855394
History of Magic,-0.30698739202989184,-0.03365650020097152,3.3140349057497906,-0.4834507757301823
Transfiguration,-0.6152846581639523,1.5417557263429378,1.1664047549539276,-0.8558822834209796
Potions,0.34456399579518776,0.5077465919063978,-2.009597234503119,0.43208149989346006
Care of Magical Creatures,0.07694747360316344,-0.14944472295805608,0.09348123685223386,0.0060012203953997475
Charms,1.919011164894725,-2.8598300912025096,-2.8949753597728427,1.5133672267648746
Flying,0.1626416761425421,-0.7942376045122101,4.050280735349805,-1.6882450902622315
